{
    "loss": 0.831178605556488,
    "accuracy": 0.8705036044120789
}