{
    "loss": 25.846323013305664,
    "accuracy": 0.48201438784599304
}