{
    "loss": 12.004920959472656,
    "accuracy": 0.5467625856399536
}