{
    "loss": 9.675536155700684,
    "accuracy": 0.5035971403121948
}