{
    "loss": 1.4179556369781494,
    "accuracy": 0.8776978254318237
}