{
    "loss": 12.819263458251953,
    "accuracy": 0.5467625856399536
}