{
    "loss": 7.945639133453369,
    "accuracy": 0.5035971403121948
}